fixture,policy,budget_ms,elapsed_ms,completed_depth,nodes,tactical_complete,finished,selected_move,exact,immediate_win_available,selected_immediate_win,safe_move_available,selected_safe_move,oracle_outcome_optimal,oracle_distance_optimal,rules,max_depth,max_records
"opening-444-444","alpha-beta-no-oracle","100","100.494","4","6546","true","false","Drop { color: White, column: (0, 0) }","None","false","false","true","true","","","simulator-continue-after-last-drop","16","100000"
"opening-444-444","alpha-beta-no-oracle","1000","1000.313","6","57933","true","false","Drop { color: White, column: (0, 0) }","None","false","false","true","true","","","simulator-continue-after-last-drop","16","100000"
"opening-444-444","alpha-beta-no-oracle","10000","10000.440","8","749191","true","false","Drop { color: White, column: (0, 0) }","None","false","false","true","true","","","simulator-continue-after-last-drop","16","100000"
"midgame-444-444","alpha-beta-no-oracle","100","100.926","2","9438","true","false","Drop { color: Blue, column: (0, 2) }","None","false","false","true","true","","","simulator-continue-after-last-drop","16","100000"
"midgame-444-444","alpha-beta-no-oracle","1000","1000.855","3","89568","true","false","Drop { color: White, column: (0, 1) }","None","false","false","true","true","","","simulator-continue-after-last-drop","16","100000"
"tactic-win-in-3","alpha-beta-no-oracle","100","100.865","2","10119","true","false","Drop { color: Green, column: (0, 1) }","None","false","false","true","true","1","1","simulator-continue-after-last-drop","16","100000"
"tactic-win-in-3","alpha-beta-no-oracle","1000","1001.881","5","72940","true","false","Drop { color: Green, column: (0, 1) }","None","false","false","true","true","1","1","simulator-continue-after-last-drop","16","100000"
"tactic-win-in-5","alpha-beta-no-oracle","100","100.706","2","4134","true","false","RotateLayer { layer: Up, rotation: Clockwise }","None","false","false","true","true","","","simulator-continue-after-last-drop","16","100000"
"tactic-win-in-5","alpha-beta-no-oracle","1000","1000.447","7","87754","true","false","RotateLayer { layer: Equator, rotation: Clockwise }","None","false","false","true","true","1","1","simulator-continue-after-last-drop","16","100000"
"tactic-loss-in-4","alpha-beta-no-oracle","100","100.761","4","9454","true","false","RotateLayer { layer: Up, rotation: Clockwise }","None","false","false","true","true","1","1","simulator-continue-after-last-drop","16","100000"
"tactic-loss-in-4","alpha-beta-no-oracle","1000","1000.419","6","161128","true","false","RotateLayer { layer: Up, rotation: Clockwise }","None","false","false","true","true","1","1","simulator-continue-after-last-drop","16","100000"
"full-board-draw","alpha-beta-no-oracle","100","100.553","11","42172","true","false","RotateLayer { layer: Down, rotation: CounterClockwise }","None","false","false","true","true","","","simulator-continue-after-last-drop","16","100000"
"full-board-draw","alpha-beta-no-oracle","1000","1000.881","13","366807","true","false","RotateLayer { layer: Down, rotation: CounterClockwise }","None","false","false","true","true","","","simulator-continue-after-last-drop","16","100000"
"full-board-loss-in-6","alpha-beta-no-oracle","100","100.676","12","25356","true","false","RotateLayer { layer: Equator, rotation: Clockwise }","None","false","false","true","true","","","simulator-continue-after-last-drop","16","100000"
"full-board-loss-in-6","alpha-beta-no-oracle","1000","484.747","16","122378","true","true","RotateLayer { layer: Equator, rotation: Clockwise }","None","false","false","true","true","","","simulator-continue-after-last-drop","16","100000"
"draw-orbit-0","uniform-random-expectation","0","","","","","","None","","","","","","0.500000","0.500000","simulator-continue-after-last-drop","",""
"draw-orbit-0","tactical-greedy","0","","","","","","Some(Flip)","","","","","","1.000000","1.000000","simulator-continue-after-last-drop","",""
"draw-orbit-0","alpha-beta-no-oracle","100","100.648","10","27343","true","false","Some(Flip)","None","","","","","1.000000","1.000000","simulator-continue-after-last-drop","16","100000"
"draw-orbit-0","alpha-beta-exact-oracle","100","0.636","0","0","true","true","Some(RotateLayer { layer: Up, rotation: Clockwise })","Some(Draw)","","","","","1.000000","1.000000","simulator-continue-after-last-drop","16","100000"
"draw-orbit-1","uniform-random-expectation","0","","","","","","None","","","","","","0.166667","0.166667","simulator-continue-after-last-drop","",""
"draw-orbit-1","tactical-greedy","0","","","","","","Some(RotateLayer { layer: Equator, rotation: Clockwise })","","","","","","1.000000","1.000000","simulator-continue-after-last-drop","",""
"draw-orbit-1","alpha-beta-no-oracle","100","100.777","10","25173","true","false","Some(RotateLayer { layer: Equator, rotation: Clockwise })","None","","","","","1.000000","1.000000","simulator-continue-after-last-drop","16","100000"
"draw-orbit-1","alpha-beta-exact-oracle","100","0.696","0","0","true","true","Some(RotateLayer { layer: Equator, rotation: Clockwise })","Some(Draw)","","","","","1.000000","1.000000","simulator-continue-after-last-drop","16","100000"
"draw-orbit-2","uniform-random-expectation","0","","","","","","None","","","","","","0.166667","0.166667","simulator-continue-after-last-drop","",""
"draw-orbit-2","tactical-greedy","0","","","","","","Some(RotateLayer { layer: Up, rotation: CounterClockwise })","","","","","","1.000000","1.000000","simulator-continue-after-last-drop","",""
"draw-orbit-2","alpha-beta-no-oracle","100","0.665","0","0","true","true","Some(RotateLayer { layer: Up, rotation: CounterClockwise })","None","","","","","1.000000","1.000000","simulator-continue-after-last-drop","16","100000"
"draw-orbit-2","alpha-beta-exact-oracle","100","0.699","0","0","true","true","Some(RotateLayer { layer: Up, rotation: CounterClockwise })","Some(Win { winner: 1, plies: 1 })","","","","","1.000000","1.000000","simulator-continue-after-last-drop","16","100000"
"draw-orbit-3","uniform-random-expectation","0","","","","","","None","","","","","","1.000000","1.000000","simulator-continue-after-last-drop","",""
"draw-orbit-3","tactical-greedy","0","","","","","","Some(Flip)","","","","","","1.000000","1.000000","simulator-continue-after-last-drop","",""
"draw-orbit-3","alpha-beta-no-oracle","100","100.697","9","26076","true","false","Some(Flip)","None","","","","","1.000000","1.000000","simulator-continue-after-last-drop","16","100000"
"draw-orbit-3","alpha-beta-exact-oracle","100","0.740","0","0","true","true","Some(RotateLayer { layer: Up, rotation: Clockwise })","Some(Draw)","","","","","1.000000","1.000000","simulator-continue-after-last-drop","16","100000"
"draw-orbit-4","uniform-random-expectation","0","","","","","","None","","","","","","1.000000","1.000000","simulator-continue-after-last-drop","",""
"draw-orbit-4","tactical-greedy","0","","","","","","Some(RotateLayer { layer: Down, rotation: Clockwise })","","","","","","1.000000","1.000000","simulator-continue-after-last-drop","",""
"draw-orbit-4","alpha-beta-no-oracle","100","100.844","9","26459","true","false","Some(RotateLayer { layer: Down, rotation: Clockwise })","None","","","","","1.000000","1.000000","simulator-continue-after-last-drop","16","100000"
"draw-orbit-4","alpha-beta-exact-oracle","100","1.301","0","0","true","true","Some(RotateLayer { layer: Up, rotation: CounterClockwise })","Some(Draw)","","","","","1.000000","1.000000","simulator-continue-after-last-drop","16","100000"
"draw-orbit-5","uniform-random-expectation","0","","","","","","None","","","","","","0.333333","0.333333","simulator-continue-after-last-drop","",""
"draw-orbit-5","tactical-greedy","0","","","","","","Some(RotateLayer { layer: Equator, rotation: Clockwise })","","","","","","1.000000","1.000000","simulator-continue-after-last-drop","",""
"draw-orbit-5","alpha-beta-no-oracle","100","100.906","10","23734","true","false","Some(RotateLayer { layer: Equator, rotation: Clockwise })","None","","","","","1.000000","1.000000","simulator-continue-after-last-drop","16","100000"
"draw-orbit-5","alpha-beta-exact-oracle","100","0.868","0","0","true","true","Some(RotateLayer { layer: Up, rotation: CounterClockwise })","Some(Draw)","","","","","1.000000","1.000000","simulator-continue-after-last-drop","16","100000"
"draw-orbit-6","uniform-random-expectation","0","","","","","","None","","","","","","0.333333","0.333333","simulator-continue-after-last-drop","",""
"draw-orbit-6","tactical-greedy","0","","","","","","Some(RotateLayer { layer: Down, rotation: CounterClockwise })","","","","","","1.000000","1.000000","simulator-continue-after-last-drop","",""
"draw-orbit-6","alpha-beta-no-oracle","100","100.613","10","23197","true","false","Some(RotateLayer { layer: Down, rotation: CounterClockwise })","None","","","","","1.000000","1.000000","simulator-continue-after-last-drop","16","100000"
"draw-orbit-6","alpha-beta-exact-oracle","100","0.800","0","0","true","true","Some(RotateLayer { layer: Equator, rotation: Clockwise })","Some(Draw)","","","","","1.000000","1.000000","simulator-continue-after-last-drop","16","100000"
"draw-orbit-7","uniform-random-expectation","0","","","","","","None","","","","","","0.333333","0.333333","simulator-continue-after-last-drop","",""
"draw-orbit-7","tactical-greedy","0","","","","","","Some(RotateLayer { layer: Down, rotation: CounterClockwise })","","","","","","1.000000","1.000000","simulator-continue-after-last-drop","",""
"draw-orbit-7","alpha-beta-no-oracle","100","0.760","0","0","true","true","Some(RotateLayer { layer: Equator, rotation: Clockwise })","None","","","","","1.000000","1.000000","simulator-continue-after-last-drop","16","100000"
"draw-orbit-7","alpha-beta-exact-oracle","100","0.677","0","0","true","true","Some(RotateLayer { layer: Equator, rotation: Clockwise })","Some(Win { winner: 1, plies: 1 })","","","","","1.000000","1.000000","simulator-continue-after-last-drop","16","100000"
"draw-orbit-8","uniform-random-expectation","0","","","","","","None","","","","","","0.166667","0.166667","simulator-continue-after-last-drop","",""
"draw-orbit-8","tactical-greedy","0","","","","","","Some(RotateLayer { layer: Equator, rotation: Clockwise })","","","","","","1.000000","1.000000","simulator-continue-after-last-drop","",""
"draw-orbit-8","alpha-beta-no-oracle","100","100.786","10","31948","true","false","Some(RotateLayer { layer: Equator, rotation: Clockwise })","None","","","","","1.000000","1.000000","simulator-continue-after-last-drop","16","100000"
"draw-orbit-8","alpha-beta-exact-oracle","100","0.587","0","0","true","true","Some(RotateLayer { layer: Equator, rotation: Clockwise })","Some(Draw)","","","","","1.000000","1.000000","simulator-continue-after-last-drop","16","100000"
"draw-orbit-9","uniform-random-expectation","0","","","","","","None","","","","","","0.500000","0.500000","simulator-continue-after-last-drop","",""
"draw-orbit-9","tactical-greedy","0","","","","","","Some(RotateLayer { layer: Down, rotation: Clockwise })","","","","","","1.000000","1.000000","simulator-continue-after-last-drop","",""
"draw-orbit-9","alpha-beta-no-oracle","100","100.569","10","34903","true","false","Some(RotateLayer { layer: Down, rotation: Clockwise })","None","","","","","1.000000","1.000000","simulator-continue-after-last-drop","16","100000"
"draw-orbit-9","alpha-beta-exact-oracle","100","0.577","0","0","true","true","Some(RotateLayer { layer: Up, rotation: CounterClockwise })","Some(Draw)","","","","","1.000000","1.000000","simulator-continue-after-last-drop","16","100000"
"draw-orbit-10","uniform-random-expectation","0","","","","","","None","","","","","","0.166667","0.166667","simulator-continue-after-last-drop","",""
"draw-orbit-10","tactical-greedy","0","","","","","","Some(RotateLayer { layer: Up, rotation: CounterClockwise })","","","","","","1.000000","1.000000","simulator-continue-after-last-drop","",""
"draw-orbit-10","alpha-beta-no-oracle","100","0.591","0","0","true","true","Some(RotateLayer { layer: Up, rotation: CounterClockwise })","None","","","","","1.000000","1.000000","simulator-continue-after-last-drop","16","100000"
"draw-orbit-10","alpha-beta-exact-oracle","100","0.540","0","0","true","true","Some(RotateLayer { layer: Up, rotation: CounterClockwise })","Some(Win { winner: 1, plies: 1 })","","","","","1.000000","1.000000","simulator-continue-after-last-drop","16","100000"
"draw-orbit-11","uniform-random-expectation","0","","","","","","None","","","","","","0.500000","0.500000","simulator-continue-after-last-drop","",""
"draw-orbit-11","tactical-greedy","0","","","","","","Some(RotateLayer { layer: Down, rotation: CounterClockwise })","","","","","","1.000000","1.000000","simulator-continue-after-last-drop","",""
"draw-orbit-11","alpha-beta-no-oracle","100","100.591","11","32584","true","false","Some(RotateLayer { layer: Down, rotation: CounterClockwise })","None","","","","","1.000000","1.000000","simulator-continue-after-last-drop","16","100000"
"draw-orbit-11","alpha-beta-exact-oracle","100","0.592","0","0","true","true","Some(RotateLayer { layer: Up, rotation: Clockwise })","Some(Draw)","","","","","1.000000","1.000000","simulator-continue-after-last-drop","16","100000"
"loss-orbit-0","uniform-random-expectation","0","","","","","","None","","","","","","1.000000","0.166667","simulator-continue-after-last-drop","",""
"loss-orbit-0","tactical-greedy","0","","","","","","Some(RotateLayer { layer: Equator, rotation: Clockwise })","","","","","","1.000000","1.000000","simulator-continue-after-last-drop","",""
"loss-orbit-0","alpha-beta-no-oracle","100","0.661","0","0","true","true","Some(RotateLayer { layer: Equator, rotation: Clockwise })","None","","","","","1.000000","1.000000","simulator-continue-after-last-drop","16","100000"
"loss-orbit-0","alpha-beta-exact-oracle","100","0.597","0","0","true","true","Some(RotateLayer { layer: Equator, rotation: Clockwise })","Some(Win { winner: 0, plies: 1 })","","","","","1.000000","1.000000","simulator-continue-after-last-drop","16","100000"
"loss-orbit-1","uniform-random-expectation","0","","","","","","None","","","","","","1.000000","0.833333","simulator-continue-after-last-drop","",""
"loss-orbit-1","tactical-greedy","0","","","","","","Some(Flip)","","","","","","1.000000","1.000000","simulator-continue-after-last-drop","",""
"loss-orbit-1","alpha-beta-no-oracle","100","1.367","16","348","true","true","Some(Flip)","None","","","","","1.000000","1.000000","simulator-continue-after-last-drop","16","100000"
"loss-orbit-1","alpha-beta-exact-oracle","100","0.534","0","0","true","true","Some(RotateLayer { layer: Up, rotation: CounterClockwise })","Some(Win { winner: 0, plies: 2 })","","","","","1.000000","1.000000","simulator-continue-after-last-drop","16","100000"
"loss-orbit-2","uniform-random-expectation","0","","","","","","None","","","","","","1.000000","0.500000","simulator-continue-after-last-drop","",""
"loss-orbit-2","tactical-greedy","0","","","","","","Some(Flip)","","","","","","1.000000","1.000000","simulator-continue-after-last-drop","",""
"loss-orbit-2","alpha-beta-no-oracle","100","100.605","15","31089","true","false","Some(Flip)","None","","","","","1.000000","1.000000","simulator-continue-after-last-drop","16","100000"
"loss-orbit-2","alpha-beta-exact-oracle","100","1.895","0","0","true","true","Some(RotateLayer { layer: Up, rotation: CounterClockwise })","Some(Win { winner: 0, plies: 4 })","","","","","1.000000","1.000000","simulator-continue-after-last-drop","16","100000"
"loss-orbit-3","uniform-random-expectation","0","","","","","","None","","","","","","1.000000","0.166667","simulator-continue-after-last-drop","",""
"loss-orbit-3","tactical-greedy","0","","","","","","Some(Flip)","","","","","","1.000000","0.000000","simulator-continue-after-last-drop","",""
"loss-orbit-3","alpha-beta-no-oracle","100","100.687","13","31879","true","false","Some(RotateLayer { layer: Up, rotation: CounterClockwise })","None","","","","","1.000000","1.000000","simulator-continue-after-last-drop","16","100000"
"loss-orbit-3","alpha-beta-exact-oracle","100","0.710","0","0","true","true","Some(RotateLayer { layer: Up, rotation: CounterClockwise })","Some(Win { winner: 0, plies: 3 })","","","","","1.000000","1.000000","simulator-continue-after-last-drop","16","100000"
"loss-orbit-4","uniform-random-expectation","0","","","","","","None","","","","","","1.000000","0.166667","simulator-continue-after-last-drop","",""
"loss-orbit-4","tactical-greedy","0","","","","","","Some(RotateLayer { layer: Equator, rotation: CounterClockwise })","","","","","","1.000000","1.000000","simulator-continue-after-last-drop","",""
"loss-orbit-4","alpha-beta-no-oracle","100","0.640","0","0","true","true","Some(RotateLayer { layer: Equator, rotation: CounterClockwise })","None","","","","","1.000000","1.000000","simulator-continue-after-last-drop","16","100000"
"loss-orbit-4","alpha-beta-exact-oracle","100","0.595","0","0","true","true","Some(RotateLayer { layer: Equator, rotation: CounterClockwise })","Some(Win { winner: 0, plies: 1 })","","","","","1.000000","1.000000","simulator-continue-after-last-drop","16","100000"
"loss-orbit-5","uniform-random-expectation","0","","","","","","None","","","","","","1.000000","0.166667","simulator-continue-after-last-drop","",""
"loss-orbit-5","tactical-greedy","0","","","","","","Some(RotateLayer { layer: Equator, rotation: Clockwise })","","","","","","1.000000","1.000000","simulator-continue-after-last-drop","",""
"loss-orbit-5","alpha-beta-no-oracle","100","100.655","13","26630","true","false","Some(RotateLayer { layer: Equator, rotation: Clockwise })","None","","","","","1.000000","1.000000","simulator-continue-after-last-drop","16","100000"
"loss-orbit-5","alpha-beta-exact-oracle","100","1.464","0","0","true","true","Some(RotateLayer { layer: Equator, rotation: Clockwise })","Some(Win { winner: 0, plies: 6 })","","","","","1.000000","1.000000","simulator-continue-after-last-drop","16","100000"
"loss-orbit-6","uniform-random-expectation","0","","","","","","None","","","","","","1.000000","0.166667","simulator-continue-after-last-drop","",""
"loss-orbit-6","tactical-greedy","0","","","","","","Some(Flip)","","","","","","1.000000","0.000000","simulator-continue-after-last-drop","",""
"loss-orbit-6","alpha-beta-no-oracle","100","32.391","16","8260","true","true","Some(RotateLayer { layer: Equator, rotation: CounterClockwise })","None","","","","","1.000000","1.000000","simulator-continue-after-last-drop","16","100000"
"loss-orbit-6","alpha-beta-exact-oracle","100","2.981","0","0","true","true","Some(RotateLayer { layer: Equator, rotation: CounterClockwise })","Some(Win { winner: 0, plies: 3 })","","","","","1.000000","1.000000","simulator-continue-after-last-drop","16","100000"
"loss-orbit-7","uniform-random-expectation","0","","","","","","None","","","","","","1.000000","0.333333","simulator-continue-after-last-drop","",""
"loss-orbit-7","tactical-greedy","0","","","","","","Some(Flip)","","","","","","1.000000","0.000000","simulator-continue-after-last-drop","",""
"loss-orbit-7","alpha-beta-no-oracle","100","26.505","16","7774","true","true","Some(RotateLayer { layer: Down, rotation: Clockwise })","None","","","","","1.000000","1.000000","simulator-continue-after-last-drop","16","100000"
"loss-orbit-7","alpha-beta-exact-oracle","100","0.780","0","0","true","true","Some(RotateLayer { layer: Up, rotation: CounterClockwise })","Some(Win { winner: 0, plies: 3 })","","","","","1.000000","1.000000","simulator-continue-after-last-drop","16","100000"
"loss-orbit-8","uniform-random-expectation","0","","","","","","None","","","","","","1.000000","0.166667","simulator-continue-after-last-drop","",""
"loss-orbit-8","tactical-greedy","0","","","","","","Some(RotateLayer { layer: Equator, rotation: Clockwise })","","","","","","1.000000","1.000000","simulator-continue-after-last-drop","",""
"loss-orbit-8","alpha-beta-no-oracle","100","100.736","13","26654","true","false","Some(RotateLayer { layer: Equator, rotation: Clockwise })","None","","","","","1.000000","1.000000","simulator-continue-after-last-drop","16","100000"
"loss-orbit-8","alpha-beta-exact-oracle","100","1.009","0","0","true","true","Some(RotateLayer { layer: Equator, rotation: Clockwise })","Some(Win { winner: 0, plies: 6 })","","","","","1.000000","1.000000","simulator-continue-after-last-drop","16","100000"
"loss-orbit-9","uniform-random-expectation","0","","","","","","None","","","","","","1.000000","0.333333","simulator-continue-after-last-drop","",""
"loss-orbit-9","tactical-greedy","0","","","","","","Some(RotateLayer { layer: Down, rotation: CounterClockwise })","","","","","","1.000000","1.000000","simulator-continue-after-last-drop","",""
"loss-orbit-9","alpha-beta-no-oracle","100","1.485","0","0","true","true","Some(RotateLayer { layer: Up, rotation: CounterClockwise })","None","","","","","1.000000","1.000000","simulator-continue-after-last-drop","16","100000"
"loss-orbit-9","alpha-beta-exact-oracle","100","0.634","0","0","true","true","Some(RotateLayer { layer: Up, rotation: CounterClockwise })","Some(Win { winner: 0, plies: 1 })","","","","","1.000000","1.000000","simulator-continue-after-last-drop","16","100000"
"loss-orbit-10","uniform-random-expectation","0","","","","","","None","","","","","","1.000000","0.166667","simulator-continue-after-last-drop","",""
"loss-orbit-10","tactical-greedy","0","","","","","","Some(RotateLayer { layer: Down, rotation: Clockwise })","","","","","","1.000000","0.000000","simulator-continue-after-last-drop","",""
"loss-orbit-10","alpha-beta-no-oracle","100","100.620","14","30715","true","false","Some(RotateLayer { layer: Equator, rotation: Clockwise })","None","","","","","1.000000","1.000000","simulator-continue-after-last-drop","16","100000"
"loss-orbit-10","alpha-beta-exact-oracle","100","1.223","0","0","true","true","Some(RotateLayer { layer: Equator, rotation: Clockwise })","Some(Win { winner: 0, plies: 3 })","","","","","1.000000","1.000000","simulator-continue-after-last-drop","16","100000"
"loss-orbit-11","uniform-random-expectation","0","","","","","","None","","","","","","1.000000","0.333333","simulator-continue-after-last-drop","",""
"loss-orbit-11","tactical-greedy","0","","","","","","Some(RotateLayer { layer: Equator, rotation: CounterClockwise })","","","","","","1.000000","1.000000","simulator-continue-after-last-drop","",""
"loss-orbit-11","alpha-beta-no-oracle","100","39.438","16","12471","true","true","Some(RotateLayer { layer: Equator, rotation: CounterClockwise })","None","","","","","1.000000","1.000000","simulator-continue-after-last-drop","16","100000"
"loss-orbit-11","alpha-beta-exact-oracle","100","0.525","0","0","true","true","Some(RotateLayer { layer: Up, rotation: Clockwise })","Some(Win { winner: 0, plies: 4 })","","","","","1.000000","1.000000","simulator-continue-after-last-drop","16","100000"
