fixture,backend,trial,ms,steps,expansions,calls,cache_hits,records,estimated_bytes,batch_p50_ms,batch_p95_ms,batch_max_ms,solved_moves,legal_moves
opening,reference,0,502.568,86205,6606,39886,3629,4612,1755216,13.947,26.975,27.656,0,31
opening,reference,1,458.018,86205,6606,39886,3629,4612,1755216,13.113,20.850,22.998,0,31
opening,reference,2,469.445,86205,6606,39886,3629,4612,1755216,13.557,20.680,22.102,0,31
opening,compact,0,127.114,108317,7729,50384,1506,5045,686752,4.117,4.972,5.050,0,31
opening,compact,1,124.012,108317,7729,50384,1506,5045,686752,3.809,5.586,5.637,0,31
opening,compact,2,125.327,108317,7729,50384,1506,5045,686752,4.182,4.916,5.074,0,31
opening,relabel,0,82.489,39289,2941,18223,687,1808,233504,2.412,7.810,10.539,0,31
opening,relabel,1,89.614,39289,2941,18223,687,1808,233504,2.515,9.899,11.256,0,31
opening,relabel,2,80.932,39289,2941,18223,687,1808,233504,2.256,8.131,9.149,0,31
opening,ordered,0,37.429,17503,1397,8102,326,689,90272,2.583,10.873,10.873,0,31
opening,ordered,1,39.046,17503,1397,8102,326,689,90272,2.626,10.262,10.262,0,31
opening,ordered,2,37.692,17503,1397,8102,326,689,90272,2.818,10.602,10.602,0,31
midgame,reference,0,679.147,128000,11695,58349,4835,7443,3169312,23.035,31.808,32.489,0,31
midgame,reference,1,710.722,127787,11670,58252,4820,7426,3195584,21.922,40.041,40.098,0,31
midgame,reference,2,697.931,128000,11695,58349,4835,7443,3169312,23.591,32.106,32.860,0,31
midgame,compact,0,209.335,128000,13805,57290,1904,9509,1367200,6.855,8.545,9.122,0,31
midgame,compact,1,207.479,128000,13805,57290,1904,9509,1367200,6.749,8.476,8.561,0,31
midgame,compact,2,229.452,128000,13805,57290,1904,9509,1367200,7.385,9.340,10.384,0,31
midgame,relabel,0,360.192,128000,13726,57331,2022,9588,1373344,12.749,15.982,19.763,0,31
midgame,relabel,1,351.770,128000,13726,57331,2022,9588,1373344,12.722,15.037,20.784,0,31
midgame,relabel,2,347.004,128000,13726,57331,2022,9588,1373344,12.989,14.585,14.974,0,31
midgame,ordered,0,361.005,128000,12331,58034,3324,8944,1298848,12.845,16.349,23.229,0,31
midgame,ordered,1,359.735,128000,12331,58034,3324,8944,1298848,13.132,16.468,16.605,0,31
midgame,ordered,2,358.291,128000,12331,58034,3324,8944,1298848,12.710,17.194,17.268,0,31
late,reference,0,59.870,14022,2238,5948,728,1003,353952,14.070,14.720,14.720,0,7
late,reference,1,59.023,14022,2238,5948,728,1003,353952,13.117,14.315,14.315,0,7
late,reference,2,60.073,14022,2238,5948,728,1003,353952,13.618,15.144,15.144,0,7
late,compact,0,18.153,17342,2928,7263,306,1484,191744,3.809,4.149,4.149,0,7
late,compact,1,16.856,17342,2928,7263,306,1484,191744,3.171,4.106,4.106,0,7
late,compact,2,16.671,17342,2928,7263,306,1484,191744,3.190,4.187,4.187,0,7
late,relabel,0,24.929,17198,2898,7206,294,1483,191616,4.233,5.515,5.515,0,7
late,relabel,1,29.977,17198,2898,7206,294,1483,191616,4.712,7.186,7.186,0,7
late,relabel,2,24.301,17198,2898,7206,294,1483,191616,4.913,5.266,5.266,0,7
late,ordered,0,21.139,13747,2329,5765,630,1062,137728,5.425,6.105,6.105,0,7
late,ordered,1,22.058,13747,2329,5765,630,1062,137728,5.459,6.247,6.247,0,7
late,ordered,2,21.517,13747,2329,5765,630,1062,137728,5.301,6.610,6.610,0,7
tactic,reference,0,559.459,120006,7930,56278,2030,5330,2583232,16.986,23.967,31.011,1,31
tactic,reference,1,557.669,120006,7930,56278,2030,5330,2583232,16.740,30.237,31.399,1,31
tactic,reference,2,548.016,120006,7930,56278,2030,5330,2583232,16.505,23.863,31.241,1,31
tactic,compact,0,156.467,120006,7542,56473,1190,5429,870688,4.744,7.033,8.679,1,31
tactic,compact,1,162.626,120006,7542,56473,1190,5429,870688,5.079,6.843,8.417,1,31
tactic,compact,2,159.419,120006,7542,56473,1190,5429,870688,4.858,7.561,7.777,1,31
tactic,relabel,0,263.636,117339,10170,53791,2904,6023,922656,8.109,12.037,13.449,1,31
tactic,relabel,1,255.808,117339,10170,53791,2904,6023,922656,8.428,10.596,10.627,1,31
tactic,relabel,2,255.555,117339,10170,53791,2904,6023,922656,8.590,10.676,10.989,1,31
tactic,ordered,0,268.712,117339,9763,53996,2157,5323,835040,8.510,11.400,11.494,1,31
tactic,ordered,1,270.515,117339,9763,53996,2157,5323,835040,9.041,11.210,11.619,1,31
tactic,ordered,2,270.591,117339,9763,53996,2157,5323,835040,8.916,11.238,11.257,1,31
small,reference,0,27.961,3059,168,1004,146,82,1765568,27.955,27.955,27.955,23,23
small,reference,1,28.883,3059,168,1004,146,82,1765568,28.878,28.878,28.878,23,23
small,reference,2,29.984,3059,168,1004,146,82,1765568,29.978,29.978,29.978,23,23
small,compact,0,22.490,1938,135,459,80,76,1740784,22.484,22.484,22.484,23,23
small,compact,1,23.994,1938,135,459,80,76,1740784,23.986,23.986,23.986,23,23
small,compact,2,24.681,1938,135,459,80,76,1740784,24.675,24.675,24.675,23,23
small,relabel,0,25.392,1938,135,459,80,76,1740784,25.385,25.385,25.385,23,23
small,relabel,1,24.522,1938,135,459,80,76,1740784,24.517,24.517,24.517,23,23
small,relabel,2,25.560,1938,135,459,80,76,1740784,25.555,25.555,25.555,23,23
small,ordered,0,23.549,1626,117,312,56,68,1739760,23.542,23.542,23.542,23,23
small,ordered,1,25.470,1626,117,312,56,68,1739760,25.462,25.462,25.462,23,23
small,ordered,2,24.015,1626,117,312,56,68,1739760,24.008,24.008,24.008,23,23
